Workbook
Name Slicer_Price_Band: #N/A
Name Slicer_Price_Band_Range: #N/A
Name Slicer_Price_Movement: #N/A
Name Slicer_Symbol: #N/A
Name Slicer_Volume_Category_Range: #N/A

Sheet Data
A1: Symbol | B1: Price | C1: Change | D1: Change% | E1: Volume | F1: Last Updated
A2: AAPL | B2: 325.89 | C2: -1.85 | D2: -0.5645 | E2: 38755929 | F2: 46226.636
A3: MSFT | B3: 390.34 | C3: -7.41 | D3: -1.863 | E3: 28142511 | F3: 46226.636
A4: GOOGL | B4: 342.09 | C4: -5.06 | D4: -1.4576 | E4: 39334140 | F4: 46226.637
A5: AMZN | B5: 244.85 | C5: -2.7 | D5: -1.0907 | E5: 34112732 | F5: 46226.637
A6: TSLA | B6: 374.01 | C6: -4.92 | D6: -1.2984 | E6: 30646124 | F6: 46226.637
A7: META | B7: 627.17 | C7: -16.64 | D7: -2.5846 | E7: 11019559 | F7: 46226.637
A8: NFLX | B8: 68.53 | C8: -0.14 | D8: -0.2039 | E8: 44947331 | F8: 46226.638
A9: ASML | B9: 1801.86 | C9: 0.35 | D9: 0.0194 | E9: 1007366 | F9: 46226.638
A10: NVDA | B10: 212.06 | C10: 4.77 | D10: 2.3011 | E10: 137645596 | F10: 46226.638
A11: AMD | B11: 552.33 | C11: 7.9 | D11: 1.4511 | E11: 24776665 | F11: 46226.638

Sheet Calculations
A1: Symbol | B1: Price | C1: Change | D1: Change% | E1: Volume | F1: Last Updated | G1: Price Movement | H1: Volume Category | I1: Volume Category Range | J1: Price Band | K1: Price Band Range
A2: =Data!A2 -> AAPL | B2: =Data!B2 -> 325.89 | C2: =Data!C2 -> -1.85 | D2: =Data!D2 -> -0.5645 | E2: =Data!E2 -> 38755929 | F2: =Data!F2 -> 46226.636 | G2: =IF(Data[[#This Row],[Change]]>0,"Gain","Loss") -> Loss | H2: =IF(Data[[#This Row],[Volume]]>50000000,"High","Normal") -> Normal | I2: =IF(E2<20000000,"Low (<20M)", IF(E2<60000000,"Medium (20M-60M)", "High (>60M)")) -> Medium (20M-60M) | J2: =_xlfn.IFS(Data[[#This Row],[Price]]>1000,"Very High", Data[[#This Row],[Price]]>500,"High", Data[[#This Row],[Price]]>100,"Medium", TRUE,"Low") -> Medium | K2: =IF(B2<100,"Below 100", IF(B2<300,"100 - 300", IF(B2<700,"300 - 700","Above 700"))) -> 300 - 700
A3: =Data!A3 -> MSFT | B3: =Data!B3 -> 390.34 | C3: =Data!C3 -> -7.41 | D3: =Data!D3 -> -1.863 | E3: =Data!E3 -> 28142511 | F3: =Data!F3 -> 46226.636 | G3: =IF(Data[[#This Row],[Change]]>0,"Gain","Loss") -> Loss | H3: =IF(Data[[#This Row],[Volume]]>50000000,"High","Normal") -> Normal | I3: =IF(E3<20000000,"Low (<20M)", IF(E3<60000000,"Medium (20M-60M)", "High (>60M)")) -> Medium (20M-60M) | J3: =_xlfn.IFS(Data[[#This Row],[Price]]>1000,"Very High", Data[[#This Row],[Price]]>500,"High", Data[[#This Row],[Price]]>100,"Medium", TRUE,"Low") -> Medium | K3: =IF(B3<100,"Below 100", IF(B3<300,"100 - 300", IF(B3<700,"300 - 700","Above 700"))) -> 300 - 700
A4: =Data!A4 -> GOOGL | B4: =Data!B4 -> 342.09 | C4: =Data!C4 -> -5.06 | D4: =Data!D4 -> -1.4576 | E4: =Data!E4 -> 39334140 | F4: =Data!F4 -> 46226.637 | G4: =IF(Data[[#This Row],[Change]]>0,"Gain","Loss") -> Loss | H4: =IF(Data[[#This Row],[Volume]]>50000000,"High","Normal") -> Normal | I4: =IF(E4<20000000,"Low (<20M)", IF(E4<60000000,"Medium (20M-60M)", "High (>60M)")) -> Medium (20M-60M) | J4: =_xlfn.IFS(Data[[#This Row],[Price]]>1000,"Very High", Data[[#This Row],[Price]]>500,"High", Data[[#This Row],[Price]]>100,"Medium", TRUE,"Low") -> Medium | K4: =IF(B4<100,"Below 100", IF(B4<300,"100 - 300", IF(B4<700,"300 - 700","Above 700"))) -> 300 - 700
A5: =Data!A5 -> AMZN | B5: =Data!B5 -> 244.85 | C5: =Data!C5 -> -2.7 | D5: =Data!D5 -> -1.0907 | E5: =Data!E5 -> 34112732 | F5: =Data!F5 -> 46226.637 | G5: =IF(Data[[#This Row],[Change]]>0,"Gain","Loss") -> Loss | H5: =IF(Data[[#This Row],[Volume]]>50000000,"High","Normal") -> Normal | I5: =IF(E5<20000000,"Low (<20M)", IF(E5<60000000,"Medium (20M-60M)", "High (>60M)")) -> Medium (20M-60M) | J5: =_xlfn.IFS(Data[[#This Row],[Price]]>1000,"Very High", Data[[#This Row],[Price]]>500,"High", Data[[#This Row],[Price]]>100,"Medium", TRUE,"Low") -> Medium | K5: =IF(B5<100,"Below 100", IF(B5<300,"100 - 300", IF(B5<700,"300 - 700","Above 700"))) -> 100 - 300
A6: =Data!A6 -> TSLA | B6: =Data!B6 -> 374.01 | C6: =Data!C6 -> -4.92 | D6: =Data!D6 -> -1.2984 | E6: =Data!E6 -> 30646124 | F6: =Data!F6 -> 46226.637 | G6: =IF(Data[[#This Row],[Change]]>0,"Gain","Loss") -> Loss | H6: =IF(Data[[#This Row],[Volume]]>50000000,"High","Normal") -> Normal | I6: =IF(E6<20000000,"Low (<20M)", IF(E6<60000000,"Medium (20M-60M)", "High (>60M)")) -> Medium (20M-60M) | J6: =_xlfn.IFS(Data[[#This Row],[Price]]>1000,"Very High", Data[[#This Row],[Price]]>500,"High", Data[[#This Row],[Price]]>100,"Medium", TRUE,"Low") -> Medium | K6: =IF(B6<100,"Below 100", IF(B6<300,"100 - 300", IF(B6<700,"300 - 700","Above 700"))) -> 300 - 700
A7: =Data!A7 -> META | B7: =Data!B7 -> 627.17 | C7: =Data!C7 -> -16.64 | D7: =Data!D7 -> -2.5846 | E7: =Data!E7 -> 11019559 | F7: =Data!F7 -> 46226.637 | G7: =IF(Data[[#This Row],[Change]]>0,"Gain","Loss") -> Loss | H7: =IF(Data[[#This Row],[Volume]]>50000000,"High","Normal") -> Normal | I7: =IF(E7<20000000,"Low (<20M)", IF(E7<60000000,"Medium (20M-60M)", "High (>60M)")) -> Low (<20M) | J7: =_xlfn.IFS(Data[[#This Row],[Price]]>1000,"Very High", Data[[#This Row],[Price]]>500,"High", Data[[#This Row],[Price]]>100,"Medium", TRUE,"Low") -> High | K7: =IF(B7<100,"Below 100", IF(B7<300,"100 - 300", IF(B7<700,"300 - 700","Above 700"))) -> 300 - 700
A8: =Data!A8 -> NFLX | B8: =Data!B8 -> 68.53 | C8: =Data!C8 -> -0.14 | D8: =Data!D8 -> -0.2039 | E8: =Data!E8 -> 44947331 | F8: =Data!F8 -> 46226.638 | G8: =IF(Data[[#This Row],[Change]]>0,"Gain","Loss") -> Loss | H8: =IF(Data[[#This Row],[Volume]]>50000000,"High","Normal") -> Normal | I8: =IF(E8<20000000,"Low (<20M)", IF(E8<60000000,"Medium (20M-60M)", "High (>60M)")) -> Medium (20M-60M) | J8: =_xlfn.IFS(Data[[#This Row],[Price]]>1000,"Very High", Data[[#This Row],[Price]]>500,"High", Data[[#This Row],[Price]]>100,"Medium", TRUE,"Low") -> Low | K8: =IF(B8<100,"Below 100", IF(B8<300,"100 - 300", IF(B8<700,"300 - 700","Above 700"))) -> Below 100
A9: =Data!A9 -> ASML | B9: =Data!B9 -> 1801.86 | C9: =Data!C9 -> 0.35 | D9: =Data!D9 -> 0.0194 | E9: =Data!E9 -> 1007366 | F9: =Data!F9 -> 46226.638 | G9: =IF(Data[[#This Row],[Change]]>0,"Gain","Loss") -> Gain | H9: =IF(Data[[#This Row],[Volume]]>50000000,"High","Normal") -> Normal | I9: =IF(E9<20000000,"Low (<20M)", IF(E9<60000000,"Medium (20M-60M)", "High (>60M)")) -> Low (<20M) | J9: =_xlfn.IFS(Data[[#This Row],[Price]]>1000,"Very High", Data[[#This Row],[Price]]>500,"High", Data[[#This Row],[Price]]>100,"Medium", TRUE,"Low") -> Very High | K9: =IF(B9<100,"Below 100", IF(B9<300,"100 - 300", IF(B9<700,"300 - 700","Above 700"))) -> Above 700
A10: =Data!A10 -> NVDA | B10: =Data!B10 -> 212.06 | C10: =Data!C10 -> 4.77 | D10: =Data!D10 -> 2.3011 | E10: =Data!E10 -> 137645596 | F10: =Data!F10 -> 46226.638 | G10: =IF(Data[[#This Row],[Change]]>0,"Gain","Loss") -> Gain | H10: =IF(Data[[#This Row],[Volume]]>50000000,"High","Normal") -> High | I10: =IF(E10<20000000,"Low (<20M)", IF(E10<60000000,"Medium (20M-60M)", "High (>60M)")) -> High (>60M) | J10: =_xlfn.IFS(Data[[#This Row],[Price]]>1000,"Very High", Data[[#This Row],[Price]]>500,"High", Data[[#This Row],[Price]]>100,"Medium", TRUE,"Low") -> Medium | K10: =IF(B10<100,"Below 100", IF(B10<300,"100 - 300", IF(B10<700,"300 - 700","Above 700"))) -> 100 - 300
A11: =Data!A11 -> AMD | B11: =Data!B11 -> 552.33 | C11: =Data!C11 -> 7.9 | D11: =Data!D11 -> 1.4511 | E11: =Data!E11 -> 24776665 | F11: =Data!F11 -> 46226.638 | G11: =IF(Data[[#This Row],[Change]]>0,"Gain","Loss") -> Gain | H11: =IF(Data[[#This Row],[Volume]]>50000000,"High","Normal") -> Normal | I11: =IF(E11<20000000,"Low (<20M)", IF(E11<60000000,"Medium (20M-60M)", "High (>60M)")) -> Medium (20M-60M) | J11: =_xlfn.IFS(Data[[#This Row],[Price]]>1000,"Very High", Data[[#This Row],[Price]]>500,"High", Data[[#This Row],[Price]]>100,"Medium", TRUE,"Low") -> High | K11: =IF(B11<100,"Below 100", IF(B11<300,"100 - 300", IF(B11<700,"300 - 700","Above 700"))) -> 300 - 700
G16: Row Labels | H16: Sum of Change%
G17: NVDA | H17: 2.3011
G18: AMD | H18: 1.4511
G19: ASML | H19: 0.0194
G20: NFLX | H20: -0.2039
G21: AAPL | H21: -0.5645
G22: Grand Total | H22: 3.0032

Sheet Analysis
A1: Symbols | B1: Sum of Price | K1: Symbols | L1: Sum of Volume
A2: AAPL | B2: 325.89 | K2: AAPL | L2: 38755929
A3: AMD | B3: 552.33 | K3: AMD | L3: 24776665
A4: AMZN | B4: 244.85 | K4: AMZN | L4: 34112732
A5: ASML | B5: 1801.86 | K5: ASML | L5: 1007366
A6: GOOGL | B6: 342.09 | K6: GOOGL | L6: 39334140
A7: META | B7: 627.17 | K7: META | L7: 11019559
A8: MSFT | B8: 390.34 | K8: MSFT | L8: 28142511
A9: NFLX | B9: 68.53 | K9: NFLX | L9: 44947331
A10: NVDA | B10: 212.06 | K10: NVDA | L10: 137645596
A11: TSLA | B11: 374.01 | K11: TSLA | L11: 30646124
A12: Grand Total | B12: 4939.13 | K12: Grand Total | L12: 390387953
A15: Price Movement | B15: Count of Symbol | K15: Row Labels | L15: Sum of Price
A16: Gain | B16: 3 | K16: High | L16: 1179.5
A17: Loss | B17: 7 | K17: Low | L17: 68.53
A18: Grand Total | B18: 10 | K18: Medium | L18: 1889.24
K19: Very High | L19: 1801.86
K20: Grand Total | L20: 4939.13
A24: Row Labels | B24: Average of Volume
A25: High | B25: 137645596
A26: Normal | B26: 28082484
A27: Grand Total | B27: 39038795
K29: Row Labels | L29: Sum of Change%
K30: AAPL | L30: -0.5645
K31: AMD | L31: 1.4511
K32: AMZN | L32: -1.0907
K33: ASML | L33: 0.0194
K34: GOOGL | L34: -1.4576
K35: META | L35: -2.5846
K36: MSFT | L36: -1.863
K37: NFLX | L37: -0.2039
K38: NVDA | L38: 2.3011
K39: TSLA | L39: -1.2984
K40: Grand Total | L40: -5.2911
A43: APIS
A45: Total Stocks | B45: Average Price | C45: Highest Price | D45: Lowest Price | E45: Average Change % | F45: Total Volume | G45: Average Change | H45: Gainers | I45: Losers
A46: =COUNTA(Data!A2:A11) -> 10 | B46: =AVERAGE(Data!B2:B11) -> 493.913 | C46: =MAX(Data[Price]) -> 1801.86 | D46: =MIN(Data[Price]) -> 68.53 | E46: =AVERAGE(Data[Change%]) -> -0.52911 | F46: =SUM(Data[Volume]) -> 390387953 | G46: =AVERAGE(Data!D2:D11) -> -0.52911 | H46: =COUNTIF(Calculations!G2:G11,"Gain") -> 3 | I46: =COUNTIF(Calculations!G2:G11,"Loss") -> 7

Sheet Dashboard
U1: 46227.664
T2: =MAX(Data!F2:F11) -> 46226.638
B20: Symbol | C20: Price | D20: Change | E20: Change% | F20: Volume | G20: Performance | H20: Price Range | I20: Volume Range | J20: Lat Update
B21: =Calculations!A2 -> AAPL | C21: =Calculations!B2 -> 325.89 | D21: =Calculations!C2 -> -1.85 | E21: =Calculations!D2 -> -0.5645 | F21: =Calculations!E2 -> 38755929 | G21: =Calculations!G2 -> Loss | H21: =Calculations!K2 -> 300 - 700 | I21: =Calculations!I2 -> Medium (20M-60M) | J21: =Calculations!F2 -> 46226.636
B22: =Calculations!A3 -> MSFT | C22: =Calculations!B3 -> 390.34 | D22: =Calculations!C3 -> -7.41 | E22: =Calculations!D3 -> -1.863 | F22: =Calculations!E3 -> 28142511 | G22: =Calculations!G3 -> Loss | H22: =Calculations!K3 -> 300 - 700 | I22: =Calculations!I3 -> Medium (20M-60M) | J22: =Calculations!F3 -> 46226.636
B23: =Calculations!A4 -> GOOGL | C23: =Calculations!B4 -> 342.09 | D23: =Calculations!C4 -> -5.06 | E23: =Calculations!D4 -> -1.4576 | F23: =Calculations!E4 -> 39334140 | G23: =Calculations!G4 -> Loss | H23: =Calculations!K4 -> 300 - 700 | I23: =Calculations!I4 -> Medium (20M-60M) | J23: =Calculations!F4 -> 46226.637 | L23: Symbol | M23: Change% | N23: Price | P23: Symbol | Q23: Change% | R23: Price
B24: =Calculations!A5 -> AMZN | C24: =Calculations!B5 -> 244.85 | D24: =Calculations!C5 -> -2.7 | E24: =Calculations!D5 -> -1.0907 | F24: =Calculations!E5 -> 34112732 | G24: =Calculations!G5 -> Loss | H24: =Calculations!K5 -> 100 - 300 | I24: =Calculations!I5 -> Medium (20M-60M) | J24: =Calculations!F5 -> 46226.637 | L24: =INDEX(Calculations!$A$2:$A$11,MATCH(LARGE(Calculations!$D$2:$D$11,1),Calculations!$D$2:$D$11,0)) -> NVDA | M24: =LARGE(Calculations!$D$2:$D$11,1) -> 2.3011 | N24: =INDEX(Calculations!$B$2:$B$11,MATCH(LARGE(Calculations!$D$2:$D$11,1),Calculations!$D$2:$D$11,0)) -> 212.06 | P24: =INDEX(Calculations!$A$2:$A$11,MATCH(SMALL(Calculations!$D$2:$D$11,1),Calculations!$D$2:$D$11,0)) -> META | Q24: =SMALL(Calculations!$D$2:$D$11,1) -> -2.5846 | R24: =INDEX(Calculations!$B$2:$B$11,MATCH(SMALL(Calculations!$D$2:$D$11,1),Calculations!$D$2:$D$11,0)) -> 627.17
B25: =Calculations!A6 -> TSLA | C25: =Calculations!B6 -> 374.01 | D25: =Calculations!C6 -> -4.92 | E25: =Calculations!D6 -> -1.2984 | F25: =Calculations!E6 -> 30646124 | G25: =Calculations!G6 -> Loss | H25: =Calculations!K6 -> 300 - 700 | I25: =Calculations!I6 -> Medium (20M-60M) | J25: =Calculations!F6 -> 46226.637 | L25: =INDEX(Calculations!$A$2:$A$11,MATCH(LARGE(Calculations!$D$2:$D$11,2),Calculations!$D$2:$D$11,0)) -> AMD | M25: =LARGE(Calculations!$D$2:$D$11,2) -> 1.4511 | N25: =INDEX(Calculations!$B$2:$B$11,MATCH(LARGE(Calculations!$D$2:$D$11,2),Calculations!$D$2:$D$11,0)) -> 552.33 | P25: =INDEX(Calculations!$A$2:$A$11,MATCH(SMALL(Calculations!$D$2:$D$11,2),Calculations!$D$2:$D$11,0)) -> MSFT | Q25: =SMALL(Calculations!$D$2:$D$11,2) -> -1.863 | R25: =INDEX(Calculations!$B$2:$B$11,MATCH(SMALL(Calculations!$D$2:$D$11,2),Calculations!$D$2:$D$11,0)) -> 390.34
B26: =Calculations!A7 -> META | C26: =Calculations!B7 -> 627.17 | D26: =Calculations!C7 -> -16.64 | E26: =Calculations!D7 -> -2.5846 | F26: =Calculations!E7 -> 11019559 | G26: =Calculations!G7 -> Loss | H26: =Calculations!K7 -> 300 - 700 | I26: =Calculations!I7 -> Low (<20M) | J26: =Calculations!F7 -> 46226.637 | L26: =INDEX(Calculations!$A$2:$A$11,MATCH(LARGE(Calculations!$D$2:$D$11,3),Calculations!$D$2:$D$11,0)) -> ASML | M26: =LARGE(Calculations!$D$2:$D$11,3) -> 0.0194 | N26: =INDEX(Calculations!$B$2:$B$11,MATCH(LARGE(Calculations!$D$2:$D$11,3),Calculations!$D$2:$D$11,0)) -> 1801.86 | P26: =INDEX(Calculations!$A$2:$A$11,MATCH(SMALL(Calculations!$D$2:$D$11,3),Calculations!$D$2:$D$11,0)) -> GOOGL | Q26: =SMALL(Calculations!$D$2:$D$11,3) -> -1.4576 | R26: =INDEX(Calculations!$B$2:$B$11,MATCH(SMALL(Calculations!$D$2:$D$11,3),Calculations!$D$2:$D$11,0)) -> 342.09
B27: =Calculations!A8 -> NFLX | C27: =Calculations!B8 -> 68.53 | D27: =Calculations!C8 -> -0.14 | E27: =Calculations!D8 -> -0.2039 | F27: =Calculations!E8 -> 44947331 | G27: =Calculations!G8 -> Loss | H27: =Calculations!K8 -> Below 100 | I27: =Calculations!I8 -> Medium (20M-60M) | J27: =Calculations!F8 -> 46226.638 | L27: =INDEX(Calculations!$A$2:$A$11,MATCH(LARGE(Calculations!$D$2:$D$11,4),Calculations!$D$2:$D$11,0)) -> NFLX | M27: =LARGE(Calculations!$D$2:$D$11,4) -> -0.2039 | N27: =INDEX(Calculations!$B$2:$B$11,MATCH(LARGE(Calculations!$D$2:$D$11,4),Calculations!$D$2:$D$11,0)) -> 68.53 | P27: =INDEX(Calculations!$A$2:$A$11,MATCH(SMALL(Calculations!$D$2:$D$11,4),Calculations!$D$2:$D$11,0)) -> TSLA | Q27: =SMALL(Calculations!$D$2:$D$11,4) -> -1.2984 | R27: =INDEX(Calculations!$B$2:$B$11,MATCH(SMALL(Calculations!$D$2:$D$11,4),Calculations!$D$2:$D$11,0)) -> 374.01
B28: =Calculations!A9 -> ASML | C28: =Calculations!B9 -> 1801.86 | D28: =Calculations!C9 -> 0.35 | E28: =Calculations!D9 -> 0.0194 | F28: =Calculations!E9 -> 1007366 | G28: =Calculations!G9 -> Gain | H28: =Calculations!K9 -> Above 700 | I28: =Calculations!I9 -> Low (<20M) | J28: =Calculations!F9 -> 46226.638 | L28: =INDEX(Calculations!$A$2:$A$11,MATCH(LARGE(Calculations!$D$2:$D$11,5),Calculations!$D$2:$D$11,0)) -> AAPL | M28: =LARGE(Calculations!$D$2:$D$11,5) -> -0.5645 | N28: =INDEX(Calculations!$B$2:$B$11,MATCH(LARGE(Calculations!$D$2:$D$11,5),Calculations!$D$2:$D$11,0)) -> 325.89 | P28: =INDEX(Calculations!$A$2:$A$11,MATCH(SMALL(Calculations!$D$2:$D$11,5),Calculations!$D$2:$D$11,0)) -> AMZN | Q28: =SMALL(Calculations!$D$2:$D$11,5) -> -1.0907 | R28: =INDEX(Calculations!$B$2:$B$11,MATCH(SMALL(Calculations!$D$2:$D$11,5),Calculations!$D$2:$D$11,0)) -> 244.85
B29: =Calculations!A10 -> NVDA | C29: =Calculations!B10 -> 212.06 | D29: =Calculations!C10 -> 4.77 | E29: =Calculations!D10 -> 2.3011 | F29: =Calculations!E10 -> 137645596 | G29: =Calculations!G10 -> Gain | H29: =Calculations!K10 -> 100 - 300 | I29: =Calculations!I10 -> High (>60M) | J29: =Calculations!F10 -> 46226.638
B30: =Calculations!A11 -> AMD | C30: =Calculations!B11 -> 552.33 | D30: =Calculations!C11 -> 7.9 | E30: =Calculations!D11 -> 1.4511 | F30: =Calculations!E11 -> 24776665 | G30: =Calculations!G11 -> Gain | H30: =Calculations!K11 -> 300 - 700 | I30: =Calculations!I11 -> Medium (20M-60M) | J30: =Calculations!F11 -> 46226.638
